,throughput,new_flow,new_flow_normalized
0,0,0,0
1,0,0.2,0.0178571429
2,0.01184,0.2,0.0178571429
3,0,0.2,0.0178571429
4,0.01184,0.2,0.0178571429
5,0.01184,0,0
6,0,0.2,0.0178571429
7,0.01184,0,0
8,0,0,0
